Acc_X_cleaned,Acc_Y_cleaned,Acc_Z_cleaned,Gyro_X_cleaned,Gyro_Y_cleaned,Gyro_Z_cleaned,Label,Gender,BMI,Set_Time
1.1771574457244187,0.254140025065,8.662741383767443,0.635924442532093,-0.6623159327895349,0.1856709287717791,1.0,0,23.7,12000000000
1.1771574457244187,0.254140025065,8.662741383767443,0.635924442532093,-0.6623159327895349,0.1856709287717791,1.0,0,23.7,12000000000
1.075250044356353,8.705764371988234,2.472376987948236,0.2746160615573647,-0.5276308586383764,0.5520223289415528,1.0,0,23.7,12000000000
1.075250044356353,8.705764371988234,2.472376987948236,0.2746160615573647,-0.5276308586383764,0.5520223289415528,1.0,0,23.7,12000000000
1.175766273314302,8.573650465418606,3.941257121953487,-0.6762841357709304,-0.137540466774186,0.0273006836278546,1.0,0,23.7,12000000000
1.175766273314302,8.573650465418606,3.941257121953487,-0.6762841357709304,-0.137540466774186,0.0273006836278546,1.0,0,23.7,12000000000
1.314883866326744,7.144244998069769,4.869561029069768,-0.9155300370488374,-0.1835542122801162,0.1314176145948837,1.0,0,23.7,12000000000
1.314883866326744,7.144244998069769,4.869561029069768,-0.9155300370488374,-0.1835542122801162,0.1314176145948837,1.0,0,23.7,12000000000
1.5457634238600002,6.437593735000001,6.585385743305884,-1.1879379525411766,-0.0678580934772352,-0.0136384547580141,1.0,0,23.7,12000000000
1.5457634238600002,6.437593735000001,6.585385743305884,-1.1879379525411766,-0.0678580934772352,-0.0136384547580141,1.0,0,23.7,12000000000
1.6881085523372092,5.040675692813954,8.840978805406976,-0.8722296682941861,0.1907212180612791,-0.0569418315908837,1.0,0,23.7,12000000000
1.6881085523372092,5.040675692813954,8.840978805406976,-0.8722296682941861,0.1907212180612791,-0.0569418315908837,1.0,0,23.7,12000000000
1.143991811339535,2.874892930639535,8.97937306693023,-0.2019973560259186,0.3338908748906976,-0.0214974679720372,1.0,0,23.7,12000000000
1.143991811339535,2.874892930639535,8.97937306693023,-0.2019973560259186,0.3338908748906976,-0.0214974679720372,1.0,0,23.7,12000000000
0.2634356988030588,4.432070527305883,10.333052724929413,0.2101231100769412,0.2994513045294117,0.1005573262956447,1.0,0,23.7,12000000000
0.2634356988030588,4.432070527305883,10.333052724929413,0.2101231100769412,0.2994513045294117,0.1005573262956447,1.0,0,23.7,12000000000
0.8539594456945351,5.464817374255815,8.477381057523257,-0.0177150785148837,0.2718241724095581,-0.0026885147888372,1.0,0,23.7,12000000000
0.8539594456945351,5.464817374255815,8.477381057523257,-0.0177150785148837,0.2718241724095581,-0.0026885147888372,1.0,0,23.7,12000000000
-2.80973025738686,4.867557731008256,8.33141895789535,-0.6145867952902211,0.456916198934535,0.0613102242232558,1.0,0,23.7,12000000000
-2.80973025738686,4.867557731008256,8.33141895789535,-0.6145867952902211,0.456916198934535,0.0613102242232558,1.0,0,23.7,12000000000
0.1552552304419767,2.0706819415048834,8.160304235790697,-0.0168769148489534,-0.8442541927524421,-0.1197472535172442,1.0,0,23.7,12000000000
0.1552552304419767,2.0706819415048834,8.160304235790697,-0.0168769148489534,-0.8442541927524421,-0.1197472535172442,1.0,0,23.7,12000000000
0.1774066949554117,3.841127810729412,9.520450104035294,0.2434116488723529,0.8240476010783531,0.3097030528710588,1.0,0,23.7,12000000000
0.1774066949554117,3.841127810729412,9.520450104035294,0.2434116488723529,0.8240476010783531,0.3097030528710588,1.0,0,23.7,12000000000
-1.9953358437058144,4.044371089232558,7.885630529988372,0.4926553446989535,0.4451534987894185,0.015239654373779,1.0,0,23.7,12000000000
-1.9953358437058144,4.044371089232558,7.885630529988372,0.4926553446989535,0.4451534987894185,0.015239654373779,1.0,0,23.7,12000000000
-2.3530906549534887,4.251489373104652,9.283984916139534,-0.0919990764699418,0.0633488084904569,-0.0382749407287441,1.0,0,23.7,12000000000
-2.3530906549534887,4.251489373104652,9.283984916139534,-0.0919990764699418,0.0633488084904569,-0.0382749407287441,1.0,0,23.7,12000000000
-1.8223292110127909,4.449648474476745,9.502010035058138,-0.0861887585502674,-0.0127535779249755,-0.2289641950133616,1.0,0,23.7,12000000000
-1.8223292110127909,4.449648474476745,9.502010035058138,-0.0861887585502674,-0.0127535779249755,-0.2289641950133616,1.0,0,23.7,12000000000
-2.114748500430588,4.323633452035294,8.57621420692941,-0.3952941916471765,0.2534567800531764,-0.106892353670167,1.0,0,23.7,12000000000
-2.114748500430588,4.323633452035294,8.57621420692941,-0.3952941916471765,0.2534567800531764,-0.106892353670167,1.0,0,23.7,12000000000
-2.536670250883721,3.5169484698488365,9.72548847988372,-0.5570518547686046,0.3792085191672906,-0.0099194495043511,1.0,0,23.7,12000000000
-2.536670250883721,3.5169484698488365,9.72548847988372,-0.5570518547686046,0.3792085191672906,-0.0099194495043511,1.0,0,23.7,12000000000
-3.998406648569768,1.4280142924709305,8.639592242732556,-0.8325660772918603,-0.0258516549102313,-0.2282822975256163,1.0,0,23.7,12000000000
-3.998406648569768,1.4280142924709305,8.639592242732556,-0.8325660772918603,-0.0258516549102313,-0.2282822975256163,1.0,0,23.7,12000000000
-4.039641091976745,-0.1278212453837209,9.858651848767444,-0.5177007965593023,-0.1670040361593139,-0.1552626480103418,1.0,0,23.7,12000000000
-4.039641091976745,-0.1278212453837209,9.858651848767444,-0.5177007965593023,-0.1670040361593139,-0.1552626480103418,1.0,0,23.7,12000000000
-2.962595946635294,-0.3148954582594117,9.737774747752942,-0.1920990056421176,-1.08436583628,-0.1601310153232941,1.0,0,23.7,12000000000
-2.962595946635294,-0.3148954582594117,9.737774747752942,-0.1920990056421176,-1.08436583628,-0.1601310153232941,1.0,0,23.7,12000000000
0.2462381462760116,-0.9150598950255812,9.90010891430233,-0.1703460353922209,-0.2238570814338371,-0.0725259864300581,1.0,0,23.7,12000000000
0.2462381462760116,-0.9150598950255812,9.90010891430233,-0.1703460353922209,-0.2238570814338371,-0.0725259864300581,1.0,0,23.7,12000000000
0.0390085689429069,-1.2833319937697674,9.867889260290696,0.0287532630786395,-0.2240417606733929,-0.052395860912093,1.0,0,23.7,12000000000
0.0390085689429069,-1.2833319937697674,9.867889260290696,0.0287532630786395,-0.2240417606733929,-0.052395860912093,1.0,0,23.7,12000000000
-0.4752427279288235,-1.0422572444694116,9.807926638141176,0.0482655047528588,0.1453552747052941,0.0250113193416576,1.0,0,23.7,12000000000
-0.4752427279288235,-1.0422572444694116,9.807926638141176,0.0482655047528588,0.1453552747052941,0.0250113193416576,1.0,0,23.7,12000000000
-0.5993742504465117,-0.6629231655209301,9.862881061639534,0.0078844175465581,0.0226339608932325,0.0008061993594744,1.0,0,23.7,12000000000
-0.5993742504465117,-0.6629231655209301,9.862881061639534,0.0078844175465581,0.0226339608932325,0.0008061993594744,1.0,0,23.7,12000000000
-0.3712213941684884,-0.773660767911628,9.842291665465115,0.0352596833836744,-0.0408107392763953,-0.0351069671281197,1.0,0,23.7,12000000000
-0.3712213941684884,-0.773660767911628,9.842291665465115,0.0352596833836744,-0.0408107392763953,-0.0351069671281197,1.0,0,23.7,12000000000
-0.2372233241968953,-0.847726980618605,9.831384858348835,-0.0295488077008953,-0.1555112573481395,-0.0666730492717442,1.0,0,23.7,12000000000
-0.2372233241968953,-0.847726980618605,9.831384858348835,-0.0295488077008953,-0.1555112573481395,-0.0666730492717442,1.0,0,23.7,12000000000
0.3217079662121176,-1.2881267954258822,9.742222539294117,-0.0766527497817647,0.0105769444627294,-0.0633844074866023,1.0,0,23.7,12000000000
0.3217079662121176,-1.2881267954258822,9.742222539294117,-0.0766527497817647,0.0105769444627294,-0.0633844074866023,1.0,0,23.7,12000000000
-0.6079438902894185,-0.6195741243744186,9.971782307197676,0.0062507094076395,-0.0133218244030558,0.1063153324451395,1.0,0,23.7,12000000000
-0.6079438902894185,-0.6195741243744186,9.971782307197676,0.0062507094076395,-0.0133218244030558,0.1063153324451395,1.0,0,23.7,12000000000
0.1415660636701511,-0.8069933472837211,9.84885800138372,0.0147033731507093,-0.099325902369186,0.0349435962522174,1.0,0,23.7,12000000000
0.1415660636701511,-0.8069933472837211,9.84885800138372,0.0147033731507093,-0.099325902369186,0.0349435962522174,1.0,0,23.7,12000000000
0.4489046567460465,-1.268696824515117,9.821423985011627,0.0501477366388953,0.0828822753312441,0.0344037623453255,1.0,0,23.7,12000000000
0.4489046567460465,-1.268696824515117,9.821423985011627,0.0501477366388953,0.0828822753312441,0.0344037623453255,1.0,0,23.7,12000000000
-0.2152977351619411,-0.96366005506,9.8542066012,0.0180672243232705,0.0864391631714117,0.0010079269186199,1.0,0,23.7,12000000000
-0.2152977351619411,-0.96366005506,9.8542066012,0.0180672243232705,0.0864391631714117,0.0010079269186199,1.0,0,23.7,12000000000
-0.3895292685813953,-0.5272000383465115,9.8705603687093,0.0049153304150232,0.0117378377814069,-0.0450512775256174,1.0,0,23.7,12000000000
-0.3895292685813953,-0.5272000383465115,9.8705603687093,0.0049153304150232,0.0117378377814069,-0.0450512775256174,1.0,0,23.7,12000000000
-0.2830764843616278,-0.7838998277534883,9.839453608546512,-0.0102852582141395,-0.0621341821676744,-0.0064105286675186,1.0,0,23.7,12000000000
-0.2830764843616278,-0.7838998277534883,9.839453608546512,-0.0102852582141395,-0.0621341821676744,-0.0064105286675186,1.0,0,23.7,12000000000
0.1051715924918823,-1.2692094318682354,9.806575359976469,-0.0182540769642823,-0.0284465356203517,-0.0159669271842,1.0,0,23.7,12000000000
0.1051715924918823,-1.2692094318682354,9.806575359976469,-0.0182540769642823,-0.0284465356203517,-0.0159669271842,1.0,0,23.7,12000000000
-0.0449071576787558,-0.8537925065965116,9.857817150627907,-0.0322337718561627,0.1367946440169767,0.0561533897784988,1.0,0,23.7,12000000000
-0.0449071576787558,-0.8537925065965116,9.857817150627907,-0.0322337718561627,0.1367946440169767,0.0561533897784988,1.0,0,23.7,12000000000
-0.5058315755313605,-0.7769439480034882,9.862825427046513,-0.0121036462757441,0.1428322596268104,0.0757152683100197,1.0,0,23.7,12000000000
-0.5058315755313605,-0.7769439480034882,9.862825427046513,-0.0121036462757441,0.1428322596268104,0.0757152683100197,1.0,0,23.7,12000000000
-0.6781148078825582,-0.9424938909360464,9.91691431882558,0.0348477047523372,0.1263531171300256,-0.0019213828058058,1.0,0,23.7,12000000000
-0.6781148078825582,-0.9424938909360464,9.91691431882558,0.0348477047523372,0.1263531171300256,-0.0019213828058058,1.0,0,23.7,12000000000
-1.0161895470407412,-0.8538154195517645,9.798918354023533,0.0197057792419058,0.089270700399027,0.0102643246353035,1.0,0,23.7,12000000000
-1.0161895470407412,-0.8538154195517645,9.798918354023533,0.0197057792419058,0.089270700399027,0.0102643246353035,1.0,0,23.7,12000000000
-1.306759385865116,-0.8437760389174418,9.776628139372097,0.0245056220629534,0.0320242308346651,0.0518915426561941,1.0,0,23.7,12000000000
-1.306759385865116,-0.8437760389174418,9.776628139372097,0.0245056220629534,0.0320242308346651,0.0518915426561941,1.0,0,23.7,12000000000
-0.7140071499441859,-0.8394912197186045,9.834779295744188,0.0111234213959186,-0.0926490094266395,-0.0252478937740139,1.0,0,23.7,12000000000
-0.7140071499441859,-0.8394912197186045,9.834779295744188,0.0111234213959186,-0.0926490094266395,-0.0252478937740139,1.0,0,23.7,12000000000
-1.0894020637034882,-0.7061609147523257,9.817639994081397,0.020300599344779,0.0118798994915023,-0.0058422823942232,1.0,0,23.7,12000000000
-1.0894020637034882,-0.7061609147523257,9.817639994081397,0.020300599344779,0.0118798994915023,-0.0058422823942232,1.0,0,23.7,12000000000
-0.8078169233670591,-0.7020260116552941,9.824760852129412,0.0166442685916352,-0.0183421134535752,0.0148350308084776,1.0,0,23.7,12000000000
-0.8078169233670591,-0.7020260116552941,9.824760852129412,0.0166442685916352,-0.0183421134535752,0.0148350308084776,1.0,0,23.7,12000000000
-0.9520651718918604,-0.6740525718290699,9.821646601593024,0.0132543450782093,0.0087119262424651,-0.0247080597574069,1.0,0,23.7,12000000000
-0.9520651718918604,-0.6740525718290699,9.821646601593024,0.0132543450782093,0.0087119262424651,-0.0247080597574069,1.0,0,23.7,12000000000
-0.9665334051255812,-0.6802293956244185,9.858874454034884,0.0141493329550116,-0.0142026062879767,-0.0068509195258279,2.0,0,23.7,12000000000
-0.9665334051255812,-0.6802293956244185,9.858874454034884,0.0141493329550116,-0.0142026062879767,-0.0068509195258279,2.0,0,23.7,12000000000
-0.7946397052232559,-0.6412208191139536,9.819086817639532,0.0366092681493023,-0.0170438378054523,-0.0404200700523255,2.0,0,23.7,12000000000
-0.7946397052232559,-0.6412208191139536,9.819086817639532,0.0366092681493023,-0.0170438378054523,-0.0404200700523255,2.0,0,23.7,12000000000
-0.8540406247882353,-0.4581270070564708,9.82492979829412,0.0670945128062353,-0.0022727763378094,0.0423742525964811,2.0,0,23.7,12000000000
-0.8540406247882353,-0.4581270070564708,9.82492979829412,0.0670945128062353,-0.0022727763378094,0.0423742525964811,2.0,0,23.7,12000000000
-0.8977536746000001,-0.3862460922651163,9.861378581069769,0.0525485772998372,-0.0850060958597302,-0.0409741099750883,2.0,0,23.7,12000000000
-0.8977536746000001,-0.3862460922651163,9.861378581069769,0.0525485772998372,-0.0850060958597302,-0.0409741099750883,2.0,0,23.7,12000000000
-0.4431730115534882,-0.4033853805023255,9.857205080476742,0.0003551539860116,-0.0417483461517895,-0.010246191413943,2.0,0,23.7,12000000000
-0.4431730115534882,-0.4033853805023255,9.857205080476742,0.0003551539860116,-0.0417483461517895,-0.010246191413943,2.0,0,23.7,12000000000
-0.6744944782435294,-0.2817337512458588,9.877797070705885,-0.0311037974395882,-0.0158842811564705,-0.0146589579491058,2.0,0,23.7,12000000000
-0.6744944782435294,-0.2817337512458588,9.877797070705885,-0.0311037974395882,-0.0158842811564705,-0.0146589579491058,2.0,0,23.7,12000000000
-0.4738345286476744,-0.4968167539895349,9.893987700069768,-0.0126150679758139,0.049128444713186,0.0148134708897802,2.0,0,23.7,12000000000
-0.4738345286476744,-0.4968167539895349,9.893987700069768,-0.0126150679758139,0.049128444713186,0.0148134708897802,2.0,0,23.7,12000000000
-0.8114451107616278,-0.445065010422093,9.853365354697676,0.0051000106058953,0.0094648524470732,0.0052243144882279,2.0,0,23.7,12000000000
-0.8114451107616278,-0.445065010422093,9.853365354697676,0.0051000106058953,0.0094648524470732,0.0052243144882279,2.0,0,23.7,12000000000
-0.5796751960360464,-0.446011012032558,9.87851789388372,0.0080122729463372,-0.0504993388301162,-0.0023475675446953,2.0,0,23.7,12000000000
-0.5796751960360464,-0.446011012032558,9.87851789388372,0.0080122729463372,-0.0504993388301162,-0.0023475675446953,2.0,0,23.7,12000000000
-0.693186643722353,-0.3190054847870588,9.843790828458824,-0.0106074871792705,0.0180654275878164,0.0129521298821976,2.0,0,23.7,12000000000
-0.693186643722353,-0.3190054847870588,9.843790828458824,-0.0106074871792705,0.0180654275878164,0.0129521298821976,2.0,0,23.7,12000000000
-0.5095599286767443,-0.5171835730988372,9.874288714220931,0.0062507093846627,-0.0164613851443139,-0.0225913420979918,2.0,0,23.7,12000000000
-0.5095599286767443,-0.5171835730988372,9.874288714220931,0.0062507093846627,-0.0164613851443139,-0.0225913420979918,2.0,0,23.7,12000000000
-0.5571937966453488,-0.3223076436767442,9.864884276674418,-0.0123025326023488,0.0216537358332639,0.010025995828136,2.0,0,23.7,12000000000
-0.5571937966453488,-0.3223076436767442,9.864884276674418,-0.0123025326023488,0.0216537358332639,0.010025995828136,2.0,0,23.7,12000000000
-0.796809938055814,-0.4524104189744187,9.87000384444186,0.0143908377023023,0.0410451410721046,0.0873643184510465,2.0,0,23.7,12000000000
-0.796809938055814,-0.4524104189744187,9.87000384444186,0.0143908377023023,0.0410451410721046,0.0873643184510465,2.0,0,23.7,12000000000
-0.7465043628752942,-0.4522153282014119,9.864003114141177,-0.0140714497605411,-0.0309043680068741,-0.0454752895598823,2.0,0,23.7,12000000000
-0.7465043628752942,-0.4522153282014119,9.864003114141177,-0.0140714497605411,-0.0309043680068741,-0.0454752895598823,2.0,0,23.7,12000000000
-0.7722139493755813,-0.7116143241046511,10.628695543197676,0.0970990876253953,-0.0911715689505,0.0041446465796162,2.0,0,23.7,12000000000
-0.7722139493755813,-0.7116143241046511,10.628695543197676,0.0970990876253953,-0.0911715689505,0.0041446465796162,2.0,0,23.7,12000000000
-0.6962557445826745,-0.4289830130754651,11.900953780953488,0.8674279898744184,-0.3921574319155337,0.0522466966275465,2.0,0,23.7,12000000000
-0.6962557445826745,-0.4289830130754651,11.900953780953488,0.8674279898744184,-0.3921574319155337,0.0522466966275465,2.0,0,23.7,12000000000
1.2454501056041178,2.494109416007059,10.520312235564706,0.4986525123647058,-0.033822146572,-0.0434055363196258,2.0,0,23.7,12000000000
1.2454501056041178,2.494109416007059,10.520312235564706,0.4986525123647058,-0.033822146572,-0.0434055363196258,2.0,0,23.7,12000000000
0.336219405461186,2.236788350465117,6.944750386697674,0.3416722970530349,0.3067571139569767,0.0655720722046511,2.0,0,23.7,12000000000
0.336219405461186,2.236788350465117,6.944750386697674,0.3416722970530349,0.3067571139569767,0.0655720722046511,2.0,0,23.7,12000000000
0.2638782542338372,2.757143799651163,4.075978609000001,-0.3229485819506976,0.2102973027146511,-0.0257735218914697,2.0,0,23.7,12000000000
0.2638782542338372,2.757143799651163,4.075978609000001,-0.3229485819506976,0.2102973027146511,-0.0257735218914697,2.0,0,23.7,12000000000
-1.3294633863127094,2.408069940500001,10.635206278209305,-0.4074468059988372,0.1614139146597906,-0.073648272532093,2.0,0,23.7,12000000000
-1.3294633863127094,2.408069940500001,10.635206278209305,-0.4074468059988372,0.1614139146597906,-0.073648272532093,2.0,0,23.7,12000000000
-1.4024192759834118,0.6646979789045646,14.16320176976471,-0.1987250941569176,-0.1119409711050823,-0.0272499589319564,2.0,0,23.7,12000000000
-1.4024192759834118,0.6646979789045646,14.16320176976471,-0.1987250941569176,-0.1119409711050823,-0.0272499589319564,2.0,0,23.7,12000000000
-1.3735914923302326,0.9379864764976746,11.925883681081396,0.471672846138372,0.1602348042982337,0.1364323861633127,2.0,0,23.7,12000000000
-1.3735914923302326,0.9379864764976746,11.925883681081396,0.471672846138372,0.1602348042982337,0.1364323861633127,2.0,0,23.7,12000000000
-0.6531292859262792,2.362884533918604,8.398250989872095,0.4446811461186046,-0.3041218702075581,-0.0480771889592337,2.0,0,23.7,12000000000
-0.6531292859262792,2.362884533918604,8.398250989872095,0.4446811461186046,-0.3041218702075581,-0.0480771889592337,2.0,0,23.7,12000000000
0.20811992346,3.4567940068953487,3.5182839756860464,-0.1996817518032558,-0.1028206173808372,-0.0651387843134651,2.0,0,23.7,12000000000
0.20811992346,3.4567940068953487,3.5182839756860464,-0.1996817518032558,-0.1028206173808372,-0.0651387843134651,2.0,0,23.7,12000000000
-0.1181209849749999,2.2793746934470587,9.504404135458824,-0.4809015011070588,0.0176198558040941,-0.0874452930916,2.0,0,23.7,12000000000
-0.1181209849749999,2.2793746934470587,9.504404135458824,-0.4809015011070588,0.0176198558040941,-0.0874452930916,2.0,0,23.7,12000000000
-0.7219090238200347,0.6421111702989536,13.471758388023252,-0.4004289690517907,-0.1575853559548837,0.006232951747279,2.0,0,23.7,12000000000
-0.7219090238200347,0.6421111702989536,13.471758388023252,-0.4004289690517907,-0.1575853559548837,0.006232951747279,2.0,0,23.7,12000000000
-0.3811822104227907,0.4606461776080232,12.724251714069766,0.507642840927907,0.1540693317259651,0.1009027867607209,2.0,0,23.7,12000000000
-0.3811822104227907,0.4606461776080232,12.724251714069766,0.507642840927907,0.1540693317259651,0.1009027867607209,2.0,0,23.7,12000000000
-0.2768355032271999,2.135073410729412,9.818173543176467,0.6445845162164704,-0.1463649979728353,0.04079319057254,2.0,0,23.7,12000000000
-0.2768355032271999,2.135073410729412,9.818173543176467,0.6445845162164704,-0.1463649979728353,0.04079319057254,2.0,0,23.7,12000000000
0.5025484026511629,3.672481916616279,3.6327499428255816,0.0951386388274418,-0.1137451532849767,-0.0089250185391046,2.0,0,23.7,12000000000
0.5025484026511629,3.672481916616279,3.6327499428255816,0.0951386388274418,-0.1137451532849767,-0.0089250185391046,2.0,0,23.7,12000000000
0.1894225178206977,3.148898953604652,7.858586045220931,-0.6188628493348837,0.2621071601578953,0.0209789433971395,2.0,0,23.7,12000000000
0.1894225178206977,3.148898953604652,7.858586045220931,-0.6188628493348837,0.2621071601578953,0.0209789433971395,2.0,0,23.7,12000000000
-0.3043336543517442,0.7894645309675232,12.153368839267443,-0.6478576165134883,0.0210002525882116,-0.0684062002136395,2.0,0,23.7,12000000000
-0.3043336543517442,0.7894645309675232,12.153368839267443,-0.6478576165134883,0.0210002525882116,-0.0684062002136395,2.0,0,23.7,12000000000
-0.9487964034776116,0.1927207506315294,13.590669643058826,0.3505788887294117,0.242806173962647,0.1051855248485176,2.0,0,23.7,12000000000
-0.9487964034776116,0.1927207506315294,13.590669643058826,0.3505788887294117,0.242806173962647,0.1051855248485176,2.0,0,23.7,12000000000
-1.2824416521279072,1.808417441494187,10.626135815046512,0.5943003976046513,0.1564701717437686,0.0866398036477907,2.0,0,23.7,12000000000
-1.2824416521279072,1.808417441494187,10.626135815046512,0.5943003976046513,0.1564701717437686,0.0866398036477907,2.0,0,23.7,12000000000
-0.2710010787163953,3.355683340511628,5.104781042709302,0.2480821319979418,-0.221129498299872,-0.0591437858856418,2.0,0,23.7,12000000000
-0.2710010787163953,3.355683340511628,5.104781042709302,0.2480821319979418,-0.221129498299872,-0.0591437858856418,2.0,0,23.7,12000000000
-0.4337686652276744,3.0967576836162785,6.26619042076744,-0.4787333094825581,-0.0110346329336744,0.0557556174464988,2.0,0,23.7,12000000000
-0.4337686652276744,3.0967576836162785,6.26619042076744,-0.4787333094825581,-0.0110346329336744,0.0557556174464988,2.0,0,23.7,12000000000
-0.5928569947498824,1.4650830794494116,10.909694772823528,-0.6707295256529413,-0.0573224730974423,-0.0421119396641199,2.0,0,23.7,12000000000
-0.5928569947498824,1.4650830794494116,10.909694772823528,-0.6707295256529413,-0.0573224730974423,-0.0421119396641199,2.0,0,23.7,12000000000
-1.0156140953213957,-0.4968724022684301,13.872639711627908,-0.0915018623330581,0.0816321331035476,0.0499310923076511,2.0,0,23.7,12000000000
-1.0156140953213957,-0.4968724022684301,13.872639711627908,-0.0915018623330581,0.0816321331035476,0.0499310923076511,2.0,0,23.7,12000000000
-1.0346453874084536,0.5966475441602326,11.431904937139535,0.5097311439767441,-0.0548748355979418,0.007980308982393,2.0,0,23.7,12000000000
-1.0346453874084536,0.5966475441602326,11.431904937139535,0.5097311439767441,-0.0548748355979418,0.007980308982393,2.0,0,23.7,12000000000
-0.282408718331593,2.191602964006977,8.800690373697675,0.5305289570674417,-0.0786843561955814,0.006247157697279,2.0,0,23.7,12000000000
-0.282408718331593,2.191602964006977,8.800690373697675,0.5305289570674417,-0.0786843561955814,0.006247157697279,2.0,0,23.7,12000000000
0.0648032663698823,3.729931935129412,3.780941278799999,-0.1938094272461293,0.1089764799039223,0.0195494694985164,2.0,0,23.7,12000000000
0.0648032663698823,3.729931935129412,3.780941278799999,-0.1938094272461293,0.1089764799039223,0.0195494694985164,2.0,0,23.7,12000000000
-0.6421111725609302,1.9438623397674424,9.061007222139532,-0.4159562972418604,0.165931472853129,-0.059925124541,2.0,0,23.7,12000000000
-0.6421111725609302,1.9438623397674424,9.061007222139532,-0.4159562972418604,0.165931472853129,-0.059925124541,2.0,0,23.7,12000000000
-1.466466404144186,0.4755039402095232,13.277661578372095,-0.284137359225221,-0.017711527110843,-0.0691165081553953,2.0,0,23.7,12000000000
-1.466466404144186,0.4755039402095232,13.277661578372095,-0.284137359225221,-0.017711527110843,-0.0691165081553953,2.0,0,23.7,12000000000
-1.523693151308235,0.935509198369412,12.933290795529413,0.4603620718517647,-0.0066997497108694,0.0662626585967058,2.0,0,23.7,12000000000
-1.523693151308235,0.935509198369412,12.933290795529413,0.4603620718517647,-0.0066997497108694,0.0662626585967058,2.0,0,23.7,12000000000
-1.050170905533721,2.090047102988372,9.936780303267444,0.6265483761941861,-0.1197401521224418,0.0652879490409069,2.0,0,23.7,12000000000
-1.050170905533721,2.090047102988372,9.936780303267444,0.6265483761941861,-0.1197401521224418,0.0652879490409069,2.0,0,23.7,12000000000
0.136669126626779,3.956114899290698,3.853334806686048,0.080051697801279,-0.0903049928588255,-0.024480760912572,2.0,0,23.7,12000000000
0.136669126626779,3.956114899290698,3.853334806686048,0.080051697801279,-0.0903049928588255,-0.024480760912572,2.0,0,23.7,12000000000
-0.3983214966216278,2.8230299089534885,7.3439065633255804,-0.4151039267325581,0.2309104388626755,-0.0077032887855127,2.0,0,23.7,12000000000
-0.3983214966216278,2.8230299089534885,7.3439065633255804,-0.4151039267325581,0.2309104388626755,-0.0077032887855127,2.0,0,23.7,12000000000
-1.0088703285258822,1.89027358782,11.54669230962353,-0.5331052843282353,-0.0889149618801647,-0.1141652375455294,2.0,0,23.7,12000000000
-1.0088703285258822,1.89027358782,11.54669230962353,-0.5331052843282353,-0.0889149618801647,-0.1141652375455294,2.0,0,23.7,12000000000
-1.3812151412476743,0.5790630785279068,13.446272073953487,-0.0152290006741046,-0.2204902232732558,-0.0094932648347813,2.0,0,23.7,12000000000
-1.3812151412476743,0.5790630785279068,13.446272073953487,-0.0152290006741046,-0.2204902232732558,-0.0094932648347813,2.0,0,23.7,12000000000
0.1264300721480232,1.4189994653790698,11.103587438837213,0.5344498568174418,-0.2041389346119883,-0.0283306299389197,2.0,0,23.7,12000000000
0.1264300721480232,1.4189994653790698,11.103587438837213,0.5344498568174418,-0.2041389346119883,-0.0283306299389197,2.0,0,23.7,12000000000
0.0297711660648255,3.0825676945116283,8.05496440654651,0.5847964789267441,0.0091949357620813,-0.0103740466733395,2.0,0,23.7,12000000000
0.0297711660648255,3.0825676945116283,8.05496440654651,0.5847964789267441,0.0091949357620813,-0.0103740466733395,2.0,0,23.7,12000000000
0.1275233707702705,3.6080387451764704,3.708649891941176,-0.1805428825858706,0.2724582689658824,0.0165885722663411,2.0,0,23.7,12000000000
0.1275233707702705,3.6080387451764704,3.708649891941176,-0.1805428825858706,0.2724582689658824,0.0165885722663411,2.0,0,23.7,12000000000
-0.877052968594302,3.154074119965117,9.643798622558135,-0.5407005693988373,0.313661305864872,-0.054413135632779,2.0,0,23.7,12000000000
-0.877052968594302,3.154074119965117,9.643798622558135,-0.5407005693988373,0.313661305864872,-0.054413135632779,2.0,0,23.7,12000000000
-1.6997387842073253,0.991018108749128,12.613235972325583,-0.6775058662116279,-0.0979194930114302,-0.0604223401971534,2.0,0,23.7,12000000000
-1.6997387842073253,0.991018108749128,12.613235972325583,-0.6775058662116279,-0.0979194930114302,-0.0604223401971534,2.0,0,23.7,12000000000
-1.4379456478411765,0.2158044513453529,12.65600490635294,0.3586423044441294,-0.0624106172049058,0.0727306387182905,2.0,0,23.7,12000000000
-1.4379456478411765,0.2158044513453529,12.65600490635294,0.3586423044441294,-0.0624106172049058,0.0727306387182905,2.0,0,23.7,12000000000
-0.929472481178372,1.916929185418605,9.954587326534885,0.5485849834499998,-0.5437939596686047,0.0060624778275116,2.0,0,23.7,12000000000
-0.929472481178372,1.916929185418605,9.954587326534885,0.5485849834499998,-0.5437939596686047,0.0060624778275116,2.0,0,23.7,12000000000
1.2958525839760464,3.3197353717558133,5.520241856511628,0.3048783504449303,-0.2574546461975558,-0.1135107507841511,2.0,0,23.7,12000000000
1.2958525839760464,3.3197353717558133,5.520241856511628,0.3048783504449303,-0.2574546461975558,-0.1135107507841511,2.0,0,23.7,12000000000
0.2602055482791511,3.2764976024069767,6.520664287127908,-0.2622314649906977,0.4190425843348838,0.0340201961883721,2.0,0,23.7,12000000000
0.2602055482791511,3.2764976024069767,6.520664287127908,-0.2622314649906977,0.4190425843348838,0.0340201961883721,2.0,0,23.7,12000000000
-0.8248200391950589,2.1503874764505886,10.29077008717647,-0.5548808192529411,0.346250733644,-0.0748255457980941,2.0,0,23.7,12000000000
-0.8248200391950589,2.1503874764505886,10.29077008717647,-0.5548808192529411,0.346250733644,-0.0748255457980941,2.0,0,23.7,12000000000
-0.84900686257907,0.753238307905814,14.334510115930232,-0.1812137483895232,-0.1696037634275813,-0.0845159829909081,2.0,0,23.7,12000000000
-0.84900686257907,0.753238307905814,14.334510115930232,-0.1812137483895232,-0.1696037634275813,-0.0845159829909081,2.0,0,23.7,12000000000
-0.9488376546860462,1.2032002585232555,11.080215697965118,0.5620808338011628,0.140147296462,0.1730558617179651,2.0,0,23.7,12000000000
-0.9488376546860462,1.2032002585232555,11.080215697965118,0.5620808338011628,0.140147296462,0.1730558617179651,2.0,0,23.7,12000000000
-0.8083288771326164,3.0274771119767445,8.457181226372093,0.4762614350372093,-0.1636087660501279,0.0024967320204162,2.0,0,23.7,12000000000
-0.8083288771326164,3.0274771119767445,8.457181226372093,0.4762614350372093,-0.1636087660501279,0.0024967320204162,2.0,0,23.7,12000000000
0.0693074058877647,3.5695283552941177,3.7891050156352937,-0.1729250388735529,0.0134803485523294,0.0095456590231882,3.0,0,23.7,12000000000
0.0693074058877647,3.5695283552941177,3.7891050156352937,-0.1729250388735529,0.0134803485523294,0.0095456590231882,3.0,0,23.7,12000000000
0.0046187065424418,2.5679995098372097,9.14570200172093,-0.6358960288174417,0.1097461195786162,-0.0737193041981651,3.0,0,23.7,12000000000
0.0046187065424418,2.5679995098372097,9.14570200172093,-0.6358960288174417,0.1097461195786162,-0.0737193041981651,3.0,0,23.7,12000000000
-1.4965157999616274,0.6101697716535466,12.525870046279069,-0.5110949374930231,0.046784428540186,0.0567500486025232,3.0,0,23.7,12000000000
-1.4965157999616274,0.6101697716535466,12.525870046279069,-0.5110949374930231,0.046784428540186,0.0567500486025232,3.0,0,23.7,12000000000
-0.8611346465329409,0.1942971964078823,13.166042047411766,0.2303032079018353,-0.0085682768488894,-0.0129629099326423,3.0,0,23.7,12000000000
-0.8611346465329409,0.1942971964078823,13.166042047411766,0.2303032079018353,-0.0085682768488894,-0.0129629099326423,3.0,0,23.7,12000000000
-0.7083868011752674,1.3468252669430234,10.358473588918606,0.7436497356976745,-0.0559118851148953,0.0265335509321267,3.0,0,23.7,12000000000
-0.7083868011752674,1.3468252669430234,10.358473588918606,0.7436497356976745,-0.0559118851148953,0.0265335509321267,3.0,0,23.7,12000000000
-0.2862483642436047,3.3287501861976736,5.5887433568139535,0.4742157497611511,-0.0315341185641383,0.0090173588440465,3.0,0,23.7,12000000000
-0.2862483642436047,3.3287501861976736,5.5887433568139535,0.4742157497611511,-0.0315341185641383,0.0090173588440465,3.0,0,23.7,12000000000
-0.3677156279101162,3.4722639100697674,5.684734491453488,-0.4350493730499999,0.0470259332667558,-0.0302910801813162,3.0,0,23.7,12000000000
-0.3677156279101162,3.4722639100697674,5.684734491453488,-0.4350493730499999,0.0470259332667558,-0.0302910801813162,3.0,0,23.7,12000000000
-1.017428194497647,2.402225032900001,10.926472697258824,-0.6637584805541177,0.1237665938064941,-0.0810635527587058,3.0,0,23.7,12000000000
-1.017428194497647,2.402225032900001,10.926472697258824,-0.6637584805541177,0.1237665938064941,-0.0810635527587058,3.0,0,23.7,12000000000
-1.0423803225363952,0.2065061588936046,13.696795064418604,-0.1315774316923721,-0.1585513743104523,-0.0818026071379348,3.0,0,23.7,12000000000
-1.0423803225363952,0.2065061588936046,13.696795064418604,-0.1315774316923721,-0.1585513743104523,-0.0818026071379348,3.0,0,23.7,12000000000
-1.1010323008713376,1.277433406510465,11.401855535872093,0.4944027022046512,0.0432755076206511,0.1473427161263953,3.0,0,23.7,12000000000
-1.1010323008713376,1.277433406510465,11.401855535872093,0.4944027022046512,0.0432755076206511,0.1473427161263953,3.0,0,23.7,12000000000
-0.4891374654665116,2.657591238965116,8.438650741069768,0.7441327440174419,-0.2291985954663953,0.0039599667309127,3.0,0,23.7,12000000000
-0.4891374654665116,2.657591238965116,8.438650741069768,0.7441327440174419,-0.2291985954663953,0.0039599667309127,3.0,0,23.7,12000000000
0.7280374051741176,3.8007031638,3.904185729882353,-0.0927795804144941,-0.1087069806138705,-0.0919153858402352,3.0,0,23.7,12000000000
0.7280374051741176,3.8007031638,3.904185729882353,-0.0927795804144941,-0.1087069806138705,-0.0919153858402352,3.0,0,23.7,12000000000
-0.5565260222388371,3.1849025793023245,8.951215643872091,-0.6124132483453487,0.2695653927563954,0.053127477483579,3.0,0,23.7,12000000000
-0.5565260222388371,3.1849025793023245,8.951215643872091,-0.6124132483453487,0.2695653927563954,0.053127477483579,3.0,0,23.7,12000000000
-1.4802668599009885,1.5366373124104653,12.381076513488372,-0.44963909387,0.0918605669135349,0.044319660287686,3.0,0,23.7,12000000000
-1.4802668599009885,1.5366373124104653,12.381076513488372,-0.44963909387,0.0918605669135349,0.044319660287686,3.0,0,23.7,12000000000
-0.3480165785422092,0.8294747504141861,13.17399118127907,0.3372399764642557,-0.2683933853936034,-0.0969321651920825,3.0,0,23.7,12000000000
-0.3480165785422092,0.8294747504141861,13.17399118127907,0.3372399764642557,-0.2683933853936034,-0.0969321651920825,3.0,0,23.7,12000000000
-0.2652936542942941,2.203592603341176,9.910226866482354,0.6174477479047059,0.0313894665672588,0.0414399887731058,3.0,0,23.7,12000000000
-0.2652936542942941,2.203592603341176,9.910226866482354,0.6174477479047059,0.0313894665672588,0.0414399887731058,3.0,0,23.7,12000000000
-0.1354448920940349,3.989948278220931,5.554242184000001,0.2758125508144303,-0.2108016210951163,0.0389639394028709,3.0,0,23.7,12000000000
-0.1354448920940349,3.989948278220931,5.554242184000001,0.2758125508144303,-0.2108016210951163,0.0389639394028709,3.0,0,23.7,12000000000
0.2304343834500232,3.1357662483720925,5.691022595662791,-0.5791140167534884,0.3186760796090814,0.0719932550758488,3.0,0,23.7,12000000000
0.2304343834500232,3.1357662483720925,5.691022595662791,-0.5791140167534884,0.3186760796090814,0.0719932550758488,3.0,0,23.7,12000000000
-1.0855532594752946,1.9323872621776468,10.605890823305884,-0.9364054013694116,0.1570695046682117,-0.0576063448194023,3.0,0,23.7,12000000000
-1.0855532594752946,1.9323872621776468,10.605890823305884,-0.9364054013694116,0.1570695046682117,-0.0576063448194023,3.0,0,23.7,12000000000
-1.3940139552055817,-1.0553460813502908,13.698130574534884,-0.2830292776552326,0.0909797857021162,0.0563948949589418,3.0,0,23.7,12000000000
-1.3940139552055817,-1.0553460813502908,13.698130574534884,-0.2830292776552326,0.0909797857021162,0.0563948949589418,3.0,0,23.7,12000000000
-0.8615274451831977,0.1429572414425348,11.711865180476746,0.4887060292788373,-0.1178081144155464,0.0251413472783744,3.0,0,23.7,12000000000
-0.8615274451831977,0.1429572414425348,11.711865180476746,0.4887060292788373,-0.1178081144155464,0.0251413472783744,3.0,0,23.7,12000000000
-0.8053795829261629,1.7895531023930236,9.391105430186048,0.3659364152218604,-0.1573154386116744,0.011247725645686,3.0,0,23.7,12000000000
-0.8053795829261629,1.7895531023930236,9.391105430186048,0.3659364152218604,-0.1573154386116744,0.011247725645686,3.0,0,23.7,12000000000
0.1260595249254941,2.708224808494118,5.378051839235295,0.2489453647094,-0.1654958452788235,-0.0554503522720611,3.0,0,23.7,12000000000
0.1260595249254941,2.708224808494118,5.378051839235295,0.2489453647094,-0.1654958452788235,-0.0554503522720611,3.0,0,23.7,12000000000
-0.0836931463055813,2.39911076211628,7.035343735639536,-0.4993890586255814,0.2038192941583372,0.0274853636535104,3.0,0,23.7,12000000000
-0.0836931463055813,2.39911076211628,7.035343735639536,-0.4993890586255814,0.2038192941583372,0.0274853636535104,3.0,0,23.7,12000000000
-0.9906842175509304,0.5955346029678488,11.923212594965117,-0.5752641496267443,0.0029300199170581,-0.0445540624476406,3.0,0,23.7,12000000000
-0.9906842175509304,0.5955346029678488,11.923212594965117,-0.5752641496267443,0.0029300199170581,-0.0445540624476406,3.0,0,23.7,12000000000
-0.8601919188065115,-0.7061609174284882,13.730016386976748,0.0971275008172209,0.130444490784186,0.0445043398940918,3.0,0,23.7,12000000000
-0.8601919188065115,-0.7061609174284882,13.730016386976748,0.0971275008172209,0.130444490784186,0.0445043398940918,3.0,0,23.7,12000000000
-0.92137747616,0.634013542982353,10.88407749790588,0.5851222175023529,-0.0257874772683764,0.1001261266005294,3.0,0,23.7,12000000000
-0.92137747616,0.634013542982353,10.88407749790588,0.5851222175023529,-0.0257874772683764,0.1001261266005294,3.0,0,23.7,12000000000
-0.5701039070823488,2.5220350650697667,8.190242362627908,0.3963660052866278,-0.3033831521360884,-0.0514866668564093,3.0,0,23.7,12000000000
-0.5701039070823488,2.5220350650697667,8.190242362627908,0.3963660052866278,-0.3033831521360884,-0.0514866668564093,3.0,0,23.7,12000000000
0.7797819446524418,2.715965007604652,4.301905601523256,-0.3372257698340581,-0.2589604966297674,-0.1697103102862092,3.0,0,23.7,12000000000
0.7797819446524418,2.715965007604652,4.301905601523256,-0.3372257698340581,-0.2589604966297674,-0.1697103102862092,3.0,0,23.7,12000000000
-0.3832457313702941,1.3943681226141174,9.603832968788234,-0.6123883475258822,0.3764921346164706,0.0608439292809411,3.0,0,23.7,12000000000
-0.3832457313702941,1.3943681226141174,9.603832968788234,-0.6123883475258822,0.3764921346164706,0.0608439292809411,3.0,0,23.7,12000000000
-0.690023273437907,-0.8161751041695349,13.44783022244186,-0.3086429782122093,0.0422952829338953,0.0416631083895697,3.0,0,23.7,12000000000
-0.690023273437907,-0.8161751041695349,13.44783022244186,-0.3086429782122093,0.0422952829338953,0.0416631083895697,3.0,0,23.7,12000000000
-0.9413252986239536,-0.3260359965231046,12.773499400232556,0.2697323152593139,0.1131129792925465,0.0276274254395116,3.0,0,23.7,12000000000
-0.9413252986239536,-0.3260359965231046,12.773499400232556,0.2697323152593139,0.1131129792925465,0.0276274254395116,3.0,0,23.7,12000000000
-0.8298642831543604,0.5128431041851162,9.600226990081396,0.610424389677907,-0.0612107814763372,0.0647481152443127,3.0,0,23.7,12000000000
-0.8298642831543604,0.5128431041851162,9.600226990081396,0.610424389677907,-0.0612107814763372,0.0647481152443127,3.0,0,23.7,12000000000
-0.3014393487937647,2.439384161705883,8.353822388388236,0.5691103780952941,-0.0780056349451282,0.0146769247861529,3.0,0,23.7,12000000000
-0.3014393487937647,2.439384161705883,8.353822388388236,0.5691103780952941,-0.0780056349451282,0.0146769247861529,3.0,0,23.7,12000000000
-0.6447265861563953,3.4315302621395354,8.65211282216279,-0.0337680363143023,0.0127180628290941,-0.0188409165333151,3.0,0,23.7,12000000000
-0.6447265861563953,3.4315302621395354,8.65211282216279,-0.0337680363143023,0.0127180628290941,-0.0188409165333151,3.0,0,23.7,12000000000
-0.1397853613522092,2.1096348589081395,10.110621695802326,-0.6549180718313954,-0.3769710463786045,-0.2462104702296279,3.0,0,23.7,12000000000
-0.1397853613522092,2.1096348589081395,10.110621695802326,-0.6549180718313954,-0.3769710463786045,-0.2462104702296279,3.0,0,23.7,12000000000
0.723689728059186,1.3089296335918603,8.063701014313954,0.1537248313082209,0.1713014009279092,0.2146941084658139,3.0,0,23.7,12000000000
0.723689728059186,1.3089296335918603,8.063701014313954,0.1537248313082209,0.1713014009279092,0.2146941084658139,3.0,0,23.7,12000000000
-0.6999428450677646,3.1216482807529413,8.832049134129411,0.4147699994180941,0.2490729280752588,0.1624774545950811,3.0,0,23.7,12000000000
-0.6999428450677646,3.1216482807529413,8.832049134129411,0.4147699994180941,0.2490729280752588,0.1624774545950811,3.0,0,23.7,12000000000
-0.4850195876291861,2.4819692067790693,10.375724171720927,0.0672093311485813,-0.3565710036209302,-0.0284016608407383,3.0,0,23.7,12000000000
-0.4850195876291861,2.4819692067790693,10.375724171720927,0.0672093311485813,-0.3565710036209302,-0.0284016608407383,3.0,0,23.7,12000000000
0.9111646034244184,2.626261974488372,9.58047239706977,0.2689935957863953,0.1920708042317442,0.2839207155066512,3.0,0,23.7,12000000000
0.9111646034244184,2.626261974488372,9.58047239706977,0.2689935957863953,0.1920708042317442,0.2839207155066512,3.0,0,23.7,12000000000
-0.041568335695,3.339712650255814,9.39088285782558,0.2653142021523255,0.318605048716279,0.1375404664625697,3.0,0,23.7,12000000000
-0.041568335695,3.339712650255814,9.39088285782558,0.2653142021523255,0.318605048716279,0.1375404664625697,3.0,0,23.7,12000000000
-0.845595371473941,3.8740080131647057,9.01367849462353,0.336608054002353,-0.0134551947943176,0.0549652536218341,3.0,0,23.7,12000000000
-0.845595371473941,3.8740080131647057,9.01367849462353,0.336608054002353,-0.0134551947943176,0.0549652536218341,3.0,0,23.7,12000000000
-0.586185904770058,5.072561397023256,8.572314972116278,0.3453090757430232,0.0864338143848837,0.0494764955278488,3.0,0,23.7,12000000000
-0.586185904770058,5.072561397023256,8.572314972116278,0.3453090757430232,0.0864338143848837,0.0494764955278488,3.0,0,23.7,12000000000
-0.5096155779196512,5.369994823337208,8.280835756093023,0.1199852077151162,0.0170083220753953,-0.0546120213849907,3.0,0,23.7,12000000000
-0.5096155779196512,5.369994823337208,8.280835756093023,0.1199852077151162,0.0170083220753953,-0.0546120213849907,3.0,0,23.7,12000000000
-0.904486964423294,5.4250638064,8.612472472447058,0.1044363169784588,0.1992119874865882,0.0879806983059035,3.0,0,23.7,12000000000
-0.904486964423294,5.4250638064,8.612472472447058,0.1044363169784588,0.1992119874865882,0.0879806983059035,3.0,0,23.7,12000000000
-0.2634330672951161,5.503937244383721,8.440542708988374,0.4320518726174418,0.0917042986558744,-0.3818650692347674,3.0,0,23.7,12000000000
-0.2634330672951161,5.503937244383721,8.440542708988374,0.4320518726174418,0.0917042986558744,-0.3818650692347674,3.0,0,23.7,12000000000
-1.0245732736431394,7.123210424593023,7.92959169451163,0.7867512155558141,0.0664883694642093,-1.0733213803755812,3.0,0,23.7,12000000000
-1.0245732736431394,7.123210424593023,7.92959169451163,0.7867512155558141,0.0664883694642093,-1.0733213803755812,3.0,0,23.7,12000000000
0.6281994293647675,4.348816034406976,8.064647034104652,1.0956214950456862,1.0664882220675582,1.5678590293744188,3.0,0,23.7,12000000000
0.6281994293647675,4.348816034406976,8.064647034104652,1.0956214950456862,1.0664882220675582,1.5678590293744188,3.0,0,23.7,12000000000
-0.2968789158857293,5.4889662406,6.867738796717648,0.7415467205475295,0.3619607349955294,1.185984984609412,3.0,0,23.7,12000000000
-0.2968789158857293,5.4889662406,6.867738796717648,0.7415467205475295,0.3619607349955294,1.185984984609412,3.0,0,23.7,12000000000
0.82307534286,6.5576695841627926,8.376326034186047,-0.6638821619767442,-0.7014538952846047,0.2639894760325698,3.0,0,23.7,12000000000
0.82307534286,6.5576695841627926,8.376326034186047,-0.6638821619767442,-0.7014538952846047,0.2639894760325698,3.0,0,23.7,12000000000
0.4411140745862209,5.109511042720929,9.474798690488372,-0.1464228665594186,-0.2929558332369768,0.0311647567182674,3.0,0,23.7,12000000000
0.4411140745862209,5.109511042720929,9.474798690488372,-0.1464228665594186,-0.2929558332369768,0.0311647567182674,3.0,0,23.7,12000000000
1.6313420281764703,3.473702871082353,7.037769940305883,0.5434540543505881,0.0592161546028235,-0.3550759324235294,3.0,0,23.7,12000000000
1.6313420281764703,3.473702871082353,7.037769940305883,0.5434540543505881,0.0592161546028235,-0.3550759324235294,3.0,0,23.7,12000000000
0.5817897809948024,5.129710926569768,5.841547860697674,0.2916097992124999,0.138641443913686,-0.2930765834604651,3.0,0,23.7,12000000000
0.5817897809948024,5.129710926569768,5.841547860697674,0.2916097992124999,0.138641443913686,-0.2930765834604651,3.0,0,23.7,12000000000
-0.8037101733779072,6.57597743077907,7.3640508152441875,0.1116035747481395,0.5839334563406976,-0.0027453398324534,3.0,0,23.7,12000000000
-0.8037101733779072,6.57597743077907,7.3640508152441875,0.1116035747481395,0.5839334563406976,-0.0027453398324534,3.0,0,23.7,12000000000
-1.4781522757790695,7.253980985906976,6.804019004848837,0.2074241089783721,1.2343623807244184,0.2430069812139535,3.0,0,23.7,12000000000
-1.4781522757790695,7.253980985906976,6.804019004848837,0.2074241089783721,1.2343623807244184,0.2430069812139535,3.0,0,23.7,12000000000
-3.0889932548235297,6.96987011835294,7.858029562,-0.0503728500336923,0.3629359144538461,0.6687677044153845,3.0,0,23.7,12000000000
